{"joint_angles": [[0.008744783817361315, -0.35, 0.35], [-0.008744783817361254, -0.18232825320269425, 0.5176717467973058], [0.008744783817361315, -0.35, 0.35], [0.008744783817361254, 0.18232825320269425, -0.5176717467973058], [0.008744783817361315, 0.35, -0.35], [-0.008744783817361254, 0.18232825320269425, -0.5176717467973058]], "CPG_output": [[0.02914927939120438, 1.1131712872925175, -0.9308005934145905, -0.506425371293863, -0.9308005934145905, -0.506425371293863], [-0.02914927939120418, -1.113171287292517, 0.9315097044294763, 0.5051213947562371, 0.9315097044294763, 0.5051213947562371], [0.02914927939120438, 1.1131712872925175, -0.9308005934145905, -0.506425371293863, -0.9308005934145905, -0.506425371293863], [-0.02914927939120418, -1.113171287292517, 0.9315097044294763, 0.5051213947562371, 0.9315097044294763, 0.5051213947562371], [0.02914927939120438, 1.1131712872925175, -0.9308005934145905, -0.506425371293863, -0.9308005934145905, -0.506425371293863], [-0.02914927939120418, -1.113171287292517, 0.9315097044294763, 0.5051213947562371, 0.9315097044294763, 0.5051213947562371]]}