{"joint_angles": [[-0.0021864195367862728, -0.10085674029703348, 0.5291432597029665], [0.002186419536786356, -0.4991421022921675, 0.13085789770783254], [-0.0021864195367862645, -0.10085674029703348, 0.5291432597029665], [-0.0021864195367863382, 0.4991421022921675, -0.13085789770783254], [0.002186419536786248, 0.10085674029703348, -0.5291432597029665], [-0.0021864195367864146, 0.4991421022921675, -0.13085789770783254]], "CPG_output": [[-0.00728806512262091, -1.1135290222743799, 1.0592726579945027, -0.006453337071454651, 1.0592726579945027, -0.006453337071454651], [0.007288065122621187, 1.1135290222743797, -1.0592665015540823, 0.0074119697923992435, -1.0592665015540823, 0.0074119697923992435], [-0.007288065122620882, -1.11352902227438, 1.0592726579945027, -0.006453337071454642, 1.0592726579945027, -0.006453337071454642], [0.007288065122621128, 1.1135290222743797, -1.0592665015540823, 0.0074119697923991324, -1.0592665015540823, 0.0074119697923991324], [-0.0072880651226208265, -1.1135290222743803, 1.0592726579945027, -0.006453337071454592, 1.0592726579945027, -0.006453337071454592], [0.007288065122621382, 1.1135290222743799, -1.0592665015540823, 0.007411969792399041, -1.0592665015540823, 0.007411969792399041]]}